Exam                    ,Date       ,Room ,Student ID ,Student Name              ,Seat Number ,
DBMS                    ,2023-10-15 , 405 ,      2702 ,Amber Davis               ,          1 ,
DBMS                    ,2023-10-15 , 405 ,       395 ,Kathryn Gomez             ,          2 ,
DBMS                    ,2023-10-15 , 405 ,      3435 ,Isabella Walters          ,          3 ,
DBMS                    ,2023-10-15 , 405 ,       525 ,Kenneth Stone             ,          4 ,
DBMS                    ,2023-10-15 , 405 ,      4892 ,Jacqueline Munoz          ,          5 ,
DBMS                    ,2023-10-15 , 405 ,      1202 ,Crystal Nicholson         ,          6 ,
DBMS                    ,2023-10-15 , 405 ,      4217 ,Julie Brady               ,          7 ,
DBMS                    ,2023-10-15 , 405 ,       635 ,Michael Solis             ,          8 ,
DBMS                    ,2023-10-15 , 405 ,      2009 ,Sheila Nash               ,          9 ,
DBMS                    ,2023-10-15 , 405 ,      4464 ,Cassie Wells              ,         10 ,
DBMS                    ,2023-10-15 , 405 ,      3674 ,Jasmine Chen              ,         11 ,
DBMS                    ,2023-10-15 , 405 ,      4266 ,Jennifer Miller           ,         12 ,
DBMS                    ,2023-10-15 , 405 ,      4190 ,Charles Hall              ,         13 ,
DBMS                    ,2023-10-15 , 405 ,       919 ,Wanda Nelson              ,         14 ,
DBMS                    ,2023-10-15 , 405 ,      1897 ,Cheryl Vasquez            ,         15 ,
DBMS                    ,2023-10-15 , 405 ,      2541 ,John Long                 ,         16 ,
DBMS                    ,2023-10-15 , 405 ,      1344 ,Dean Rice                 ,         17 ,
DBMS                    ,2023-10-15 , 405 ,      3772 ,Lori Bennett              ,         18 ,
DBMS                    ,2023-10-15 , 405 ,      2422 ,Justin Pham               ,         19 ,
DBMS                    ,2023-10-15 , 405 ,       785 ,Timothy Jones             ,         20 ,
DBMS                    ,2023-10-15 , 405 ,      3576 ,James Johnson             ,         21 ,
DBMS                    ,2023-10-15 , 405 ,       858 ,Ronald Martinez           ,         22 ,
DBMS                    ,2023-10-15 , 405 ,       263 ,Lindsay Donaldson         ,         23 ,
DBMS                    ,2023-10-15 , 405 ,      1758 ,Darren Miller             ,         24 ,
DBMS                    ,2023-10-15 , 405 ,      2772 ,Charles Conley            ,         25 ,
DBMS                    ,2023-10-15 , 405 ,      1648 ,Rhonda Benitez            ,         26 ,
DBMS                    ,2023-10-15 , 405 ,      2736 ,Cassandra Gonzalez        ,         27 ,
DBMS                    ,2023-10-15 , 405 ,      3899 ,Paul Rojas                ,         28 ,
DBMS                    ,2023-10-15 , 405 ,      4271 ,Roger Rubio               ,         29 ,
DBMS                    ,2023-10-15 , 405 ,      1937 ,Kirk Nielsen              ,         30 ,
DBMS                    ,2023-10-15 , 405 ,       773 ,Stacey Young              ,         31 ,
DBMS                    ,2023-10-15 , 405 ,      4242 ,Angela Ross               ,         32 ,
DBMS                    ,2023-10-15 , 405 ,      1196 ,Aaron Guerrero            ,         33 ,
DBMS                    ,2023-10-15 , 405 ,      3166 ,Cody Young                ,         34 ,
DBMS                    ,2023-10-15 , 405 ,      3001 ,Jose Rogers               ,         35 ,
DBMS                    ,2023-10-15 , 405 ,      2521 ,Laura Dyer                ,         36 ,
DBMS                    ,2023-10-15 , 405 ,      2966 ,Lauren Bolton             ,         37 ,
DBMS                    ,2023-10-15 , 405 ,      3191 ,Madison Thomas            ,         38 ,
DBMS                    ,2023-10-15 , 405 ,      1768 ,Kaitlyn Moore             ,         39 ,
DBMS                    ,2023-10-15 , 405 ,      1084 ,Carla Taylor              ,         40 ,
DBMS                    ,2023-10-15 , 405 ,      1182 ,Jessica Ortega            ,         41 ,
DBMS                    ,2023-10-15 , 405 ,      3210 ,Michael Flores            ,         42 ,
DBMS                    ,2023-10-15 , 405 ,       846 ,Marie Nelson              ,         43 ,
DBMS                    ,2023-10-15 , 405 ,      4019 ,Bonnie Salinas            ,         44 ,
DBMS                    ,2023-10-15 , 405 ,      3562 ,Ashley Johnson            ,         45 ,
OOPS                    ,2023-10-16 , 104 ,       224 ,Terry Contreras           ,          1 ,
OOPS                    ,2023-10-16 , 104 ,      4650 ,Eric Kennedy              ,          2 ,
OOPS                    ,2023-10-16 , 104 ,       453 ,Deborah Henry             ,          3 ,
OOPS                    ,2023-10-16 , 104 ,      2127 ,Kenneth Brown             ,          4 ,
OOPS                    ,2023-10-16 , 104 ,      4967 ,Brittany Mata             ,          5 ,
OOPS                    ,2023-10-16 , 104 ,       706 ,Kristen Taylor            ,          6 ,
OOPS                    ,2023-10-16 , 104 ,      3914 ,Terry Wright              ,          7 ,
OOPS                    ,2023-10-16 , 104 ,       843 ,Steven West               ,          8 ,
OOPS                    ,2023-10-16 , 104 ,      1198 ,Matthew Conley            ,          9 ,
OOPS                    ,2023-10-16 , 104 ,        75 ,Omar Anderson             ,         10 ,
OOPS                    ,2023-10-16 , 104 ,      2775 ,Emily Rubio               ,         11 ,
OOPS                    ,2023-10-16 , 104 ,      3238 ,Benjamin Cooper           ,         12 ,
OOPS                    ,2023-10-16 , 104 ,       885 ,Jared Chambers            ,         13 ,
OOPS                    ,2023-10-16 , 104 ,      3727 ,Mr. Patrick Thompson      ,         14 ,
OOPS                    ,2023-10-16 , 104 ,       817 ,Derek Baker               ,         15 ,
OOPS                    ,2023-10-16 , 104 ,      2985 ,Rita Mills                ,         16 ,
OOPS                    ,2023-10-16 , 104 ,      2813 ,Amy Vaughan               ,         17 ,
OOPS                    ,2023-10-16 , 104 ,      3385 ,Amber Avery               ,         18 ,
OOPS                    ,2023-10-16 , 104 ,      1124 ,Tyler Henry               ,         19 ,
OOPS                    ,2023-10-16 , 104 ,      3506 ,Michael King              ,         20 ,
OOPS                    ,2023-10-16 , 104 ,       136 ,Rebecca Daniels           ,         21 ,
OOPS                    ,2023-10-16 , 104 ,      2967 ,Dustin Erickson           ,         22 ,
OOPS                    ,2023-10-16 , 104 ,      4151 ,Samantha Knox             ,         23 ,
OOPS                    ,2023-10-16 , 104 ,      2090 ,Kristen Brooks            ,         24 ,
OOPS                    ,2023-10-16 , 104 ,      2108 ,Cheyenne Diaz             ,         25 ,
OOPS                    ,2023-10-16 , 104 ,      1653 ,Debra Kelley              ,         26 ,
OOPS                    ,2023-10-16 , 104 ,      3977 ,Cheryl Schneider MD       ,         27 ,
OOPS                    ,2023-10-16 , 104 ,      4678 ,Kathryn Garner            ,         28 ,
OOPS                    ,2023-10-16 , 104 ,      2474 ,Ryan Mills                ,         29 ,
OOPS                    ,2023-10-16 , 104 ,      4327 ,Christina Tyler           ,         30 ,
OOPS                    ,2023-10-16 , 104 ,        74 ,James Barnett             ,         31 ,
OOPS                    ,2023-10-16 , 104 ,      3270 ,Robert Phillips           ,         32 ,
OOPS                    ,2023-10-16 , 104 ,      4393 ,Paul Conley               ,         33 ,
OOPS                    ,2023-10-16 , 104 ,      3043 ,Johnny Robinson DDS       ,         34 ,
OOPS                    ,2023-10-16 , 104 ,      3538 ,Charles Adams             ,         35 ,
OOPS                    ,2023-10-16 , 104 ,      1463 ,Steven Anderson           ,         36 ,
OOPS                    ,2023-10-16 , 104 ,      1747 ,Ashley Le                 ,         37 ,
OOPS                    ,2023-10-16 , 104 ,      4853 ,Angel Sullivan            ,         38 ,
OOPS                    ,2023-10-16 , 104 ,      1488 ,Linda Andrews             ,         39 ,
OOPS                    ,2023-10-16 , 104 ,      1525 ,Christopher Wright        ,         40 ,
OOPS                    ,2023-10-16 , 104 ,      4584 ,Jessica Skinner           ,         41 ,
OOPS                    ,2023-10-16 , 104 ,      2484 ,Pam Knight                ,         42 ,
OOPS                    ,2023-10-16 , 104 ,       735 ,Rhonda Ryan               ,         43 ,
OOPS                    ,2023-10-16 , 104 ,      3033 ,Duane Williams            ,         44 ,
OOPS                    ,2023-10-16 , 104 ,      2859 ,Stephanie Jones           ,         45 ,
OOPS                    ,2023-10-16 , 104 ,       302 ,Stephanie Barber          ,         46 ,
OOPS                    ,2023-10-16 , 104 ,       748 ,Charles Carney            ,         47 ,
OOPS                    ,2023-10-16 , 104 ,      2789 ,Mikayla Valenzuela        ,         48 ,
OOPS                    ,2023-10-16 , 104 ,      4468 ,Kyle Schultz              ,         49 ,
OOPS                    ,2023-10-16 , 104 ,       234 ,Victor Collins            ,         50 ,
Computer Networks       ,2023-10-17 , 704 ,      4441 ,Nicole Padilla            ,          1 ,
Computer Networks       ,2023-10-17 , 704 ,       346 ,Ashlee Mcguire            ,          2 ,
Computer Networks       ,2023-10-17 , 704 ,      2838 ,Robert Wheeler            ,          3 ,
Computer Networks       ,2023-10-17 , 704 ,       748 ,Charles Carney            ,          4 ,
Computer Networks       ,2023-10-17 , 704 ,      4362 ,Elizabeth Williams        ,          5 ,
Computer Networks       ,2023-10-17 , 704 ,      1274 ,Judith Huynh              ,          6 ,
Computer Networks       ,2023-10-17 , 704 ,      4588 ,Randall Dunlap            ,          7 ,
Computer Networks       ,2023-10-17 , 704 ,      3318 ,Katrina Johnson           ,          8 ,
Computer Networks       ,2023-10-17 , 704 ,      4223 ,Blake Johnson             ,          9 ,
Computer Networks       ,2023-10-17 , 704 ,      4685 ,Joshua Park               ,         10 ,
Computer Networks       ,2023-10-17 , 704 ,       492 ,Cindy Gardner             ,         11 ,
Computer Networks       ,2023-10-17 , 704 ,      2236 ,Shannon Smith             ,         12 ,
Computer Networks       ,2023-10-17 , 704 ,       743 ,Mr. Sean Pena             ,         13 ,
Computer Networks       ,2023-10-17 , 704 ,      4761 ,Veronica Peterson         ,         14 ,
Computer Networks       ,2023-10-17 , 704 ,      2182 ,Jill Riggs                ,         15 ,
Computer Networks       ,2023-10-17 , 704 ,      3670 ,Zachary Nelson            ,         16 ,
Computer Networks       ,2023-10-17 , 704 ,      1809 ,Andrew Johnson            ,         17 ,
Computer Networks       ,2023-10-17 , 704 ,       248 ,David Gonzalez            ,         18 ,
Computer Networks       ,2023-10-17 , 704 ,      2899 ,John Golden               ,         19 ,
Computer Networks       ,2023-10-17 , 704 ,      1168 ,David Curtis              ,         20 ,
Computer Networks       ,2023-10-17 , 704 ,      1643 ,Donna Gonzalez            ,         21 ,
Computer Networks       ,2023-10-17 , 704 ,       912 ,Melissa Harrison          ,         22 ,
Computer Networks       ,2023-10-17 , 704 ,      3706 ,Nathaniel Nelson          ,         23 ,
Computer Networks       ,2023-10-17 , 704 ,      3095 ,Francisco Thomas          ,         24 ,
Computer Networks       ,2023-10-17 , 704 ,       510 ,Joshua Williams           ,         25 ,
Computer Networks       ,2023-10-17 , 704 ,      2563 ,Kevin Mann                ,         26 ,
Computer Networks       ,2023-10-17 , 704 ,      2990 ,Rebecca Underwood         ,         27 ,
Computer Networks       ,2023-10-17 , 704 ,      2721 ,Diane Stevens             ,         28 ,
Computer Networks       ,2023-10-17 , 704 ,        60 ,Matthew Vega              ,         29 ,
Computer Networks       ,2023-10-17 , 704 ,      1737 ,Jeffery Guerra            ,         30 ,
Computer Networks       ,2023-10-17 , 704 ,      2568 ,Lawrence Petty            ,         31 ,
Computer Networks       ,2023-10-17 , 704 ,       473 ,Emily Perry               ,         32 ,
Computer Networks       ,2023-10-17 , 704 ,      3630 ,Kurt Hernandez II         ,         33 ,
Computer Networks       ,2023-10-17 , 704 ,       502 ,Daniel Cole               ,         34 ,
Computer Networks       ,2023-10-17 , 704 ,      4231 ,Jacqueline Bowers         ,         35 ,
Computer Networks       ,2023-10-17 , 704 ,      1934 ,John Baker                ,         36 ,
Computer Networks       ,2023-10-17 , 704 ,      2587 ,Jennifer Sims             ,         37 ,
Computer Networks       ,2023-10-17 , 704 ,      4144 ,Joseph Aguilar            ,         38 ,
Computer Networks       ,2023-10-17 , 704 ,      1371 ,Anne Cruz                 ,         39 ,
Computer Networks       ,2023-10-17 , 704 ,      4473 ,Karen Juarez              ,         40 ,
Computer Networks       ,2023-10-17 , 704 ,      4040 ,Renee Oliver              ,         41 ,
Computer Networks       ,2023-10-17 , 704 ,       588 ,Christopher Marshall      ,         42 ,
Computer Networks       ,2023-10-17 , 704 ,      2389 ,Megan Zamora              ,         43 ,
Computer Networks       ,2023-10-17 , 704 ,       245 ,Ryan Burch                ,         44 ,
Computer Networks       ,2023-10-17 , 704 ,      2075 ,Edward Turner             ,         45 ,
Computer Networks       ,2023-10-17 , 704 ,       591 ,Mitchell Williams         ,         46 ,
Computer Networks       ,2023-10-17 , 704 ,       952 ,Richard Johnston          ,         47 ,
Computer Networks       ,2023-10-17 , 704 ,      1695 ,Patricia Hernandez        ,         48 ,
Computer Networks       ,2023-10-17 , 704 ,      3812 ,Kimberly Sutton           ,         49 ,
Computer Networks       ,2023-10-17 , 704 ,      2578 ,Sharon Johnson            ,         50 ,
Fundamentals EEE        ,2023-10-18 , 802 ,      3269 ,Tracy Mckinney            ,          1 ,
Fundamentals EEE        ,2023-10-18 , 802 ,      4522 ,Brandi Sosa               ,          2 ,
Fundamentals EEE        ,2023-10-18 , 802 ,      4844 ,Katrina Martinez          ,          3 ,
Fundamentals EEE        ,2023-10-18 , 802 ,      2375 ,Kyle Pham                 ,          4 ,
Fundamentals EEE        ,2023-10-18 , 802 ,      2624 ,Shaun Diaz                ,          5 ,
Fundamentals EEE        ,2023-10-18 , 802 ,      1662 ,Sarah Gonzalez            ,          6 ,
Fundamentals EEE        ,2023-10-18 , 802 ,       719 ,William Carey             ,          7 ,
Fundamentals EEE        ,2023-10-18 , 802 ,      2719 ,Ryan Martin               ,          8 ,
Fundamentals EEE        ,2023-10-18 , 802 ,      3748 ,Andrew Gutierrez          ,          9 ,
Fundamentals EEE        ,2023-10-18 , 802 ,      1893 ,Kristina Miller           ,         10 ,
Fundamentals EEE        ,2023-10-18 , 802 ,       780 ,Nathan Lopez              ,         11 ,
Fundamentals EEE        ,2023-10-18 , 802 ,      2959 ,Jenna Houston             ,         12 ,
Fundamentals EEE        ,2023-10-18 , 802 ,        41 ,Robert Sharp              ,         13 ,
Fundamentals EEE        ,2023-10-18 , 802 ,      3030 ,Nicole Flores             ,         14 ,
Fundamentals EEE        ,2023-10-18 , 802 ,      3836 ,Robert Hale               ,         15 ,
Fundamentals EEE        ,2023-10-18 , 802 ,      2248 ,Cathy Shaw                ,         16 ,
Fundamentals EEE        ,2023-10-18 , 802 ,      4973 ,David Spencer             ,         17 ,
Fundamentals EEE        ,2023-10-18 , 802 ,      3248 ,John Parker               ,         18 ,
Fundamentals EEE        ,2023-10-18 , 802 ,      1727 ,Evan Stone                ,         19 ,
Fundamentals EEE        ,2023-10-18 , 802 ,      2797 ,Natalie Baxter            ,         20 ,
Fundamentals EEE        ,2023-10-18 , 802 ,      2032 ,Richard Jacobs            ,         21 ,
Fundamentals EEE        ,2023-10-18 , 802 ,      4879 ,Theodore Blake            ,         22 ,
Fundamentals EEE        ,2023-10-18 , 802 ,      4693 ,Dominique Klein           ,         23 ,
Fundamentals EEE        ,2023-10-18 , 802 ,      3207 ,Barry Moss                ,         24 ,
Fundamentals EEE        ,2023-10-18 , 802 ,      4425 ,Jeffrey Barnes            ,         25 ,
Fundamentals EEE        ,2023-10-18 , 802 ,      2561 ,Ellen Mcintyre            ,         26 ,
Fundamentals EEE        ,2023-10-18 , 802 ,       881 ,Jennifer Wilson           ,         27 ,
Fundamentals EEE        ,2023-10-18 , 802 ,      2672 ,Joel Howell               ,         28 ,
Fundamentals EEE        ,2023-10-18 , 802 ,      4384 ,Rose Stewart              ,         29 ,
Fundamentals EEE        ,2023-10-18 , 802 ,      3547 ,Rebecca White             ,         30 ,
Fundamentals EEE        ,2023-10-18 , 802 ,      2933 ,Timothy Solis             ,         31 ,
Fundamentals EEE        ,2023-10-18 , 802 ,      4323 ,Barbara Pham              ,         32 ,
Fundamentals EEE        ,2023-10-18 , 802 ,      3808 ,Jennifer Price            ,         33 ,
Fundamentals EEE        ,2023-10-18 , 802 ,      3182 ,Paul Gonzalez             ,         34 ,
Fundamentals EEE        ,2023-10-18 , 802 ,      3067 ,Kristin Hardin            ,         35 ,
Fundamentals EEE        ,2023-10-18 , 802 ,      3339 ,Sandra Ward               ,         36 ,
Fundamentals EEE        ,2023-10-18 , 802 ,      1234 ,Michael Richard           ,         37 ,
Fundamentals EEE        ,2023-10-18 , 802 ,      4371 ,Paul Mitchell             ,         38 ,
Fundamentals EEE        ,2023-10-18 , 802 ,      1356 ,Jeffery Williams          ,         39 ,
Fundamentals EEE        ,2023-10-18 , 802 ,      3561 ,Kathryn Charles           ,         40 ,
Fundamentals EEE        ,2023-10-18 , 802 ,      4181 ,Jennifer Scott            ,         41 ,
Fundamentals EEE        ,2023-10-18 , 802 ,      2967 ,Dustin Erickson           ,         42 ,
Fundamentals EEE        ,2023-10-18 , 802 ,      3775 ,Kenneth Walls             ,         43 ,
Fundamentals EEE        ,2023-10-18 , 802 ,      2709 ,Bonnie Branch             ,         44 ,
Fundamentals EEE        ,2023-10-18 , 802 ,      4834 ,Angela Williams           ,         45 ,
OS                      ,2023-10-19 , 704 ,      1716 ,Michael Martinez          ,          1 ,
OS                      ,2023-10-19 , 704 ,      2272 ,Adam Russell              ,          2 ,
OS                      ,2023-10-19 , 704 ,      1552 ,Cameron Taylor            ,          3 ,
OS                      ,2023-10-19 , 704 ,      3807 ,Scott Oneill              ,          4 ,
OS                      ,2023-10-19 , 704 ,      4242 ,Angela Ross               ,          5 ,
OS                      ,2023-10-19 , 704 ,      1948 ,Daniel Wade               ,          6 ,
OS                      ,2023-10-19 , 704 ,      3908 ,Robert Burnett            ,          7 ,
OS                      ,2023-10-19 , 704 ,      4421 ,Katherine Williams        ,          8 ,
OS                      ,2023-10-19 , 704 ,      1035 ,Brittany Stephens         ,          9 ,
OS                      ,2023-10-19 , 704 ,      2218 ,Christina Hunter          ,         10 ,
OS                      ,2023-10-19 , 704 ,      4548 ,Michelle Brennan          ,         11 ,
OS                      ,2023-10-19 , 704 ,       114 ,Brandy Bryant             ,         12 ,
OS                      ,2023-10-19 , 704 ,       788 ,Cody Krueger              ,         13 ,
OS                      ,2023-10-19 , 704 ,        98 ,Holly Lee                 ,         14 ,
OS                      ,2023-10-19 , 704 ,      3698 ,Jodi Mendoza MD           ,         15 ,
OS                      ,2023-10-19 , 704 ,      4856 ,Jennifer Schneider        ,         16 ,
OS                      ,2023-10-19 , 704 ,      2755 ,Victoria White            ,         17 ,
OS                      ,2023-10-19 , 704 ,      4708 ,Joanna Haynes             ,         18 ,
OS                      ,2023-10-19 , 704 ,      1415 ,Frank Strong              ,         19 ,
OS                      ,2023-10-19 , 704 ,      1708 ,Sharon Scott              ,         20 ,
OS                      ,2023-10-19 , 704 ,      2889 ,Kevin Fry                 ,         21 ,
OS                      ,2023-10-19 , 704 ,      4221 ,Brenda Moore              ,         22 ,
OS                      ,2023-10-19 , 704 ,      3179 ,Matthew Waller            ,         23 ,
OS                      ,2023-10-19 , 704 ,      1169 ,Nicholas Patrick          ,         24 ,
OS                      ,2023-10-19 , 704 ,      3326 ,Julie Turner              ,         25 ,
OS                      ,2023-10-19 , 704 ,       276 ,Patrick Campbell          ,         26 ,
OS                      ,2023-10-19 , 704 ,      1141 ,Lisa Gray                 ,         27 ,
OS                      ,2023-10-19 , 704 ,      3352 ,Wesley Johnson            ,         28 ,
OS                      ,2023-10-19 , 704 ,      2687 ,Debra Collins             ,         29 ,
OS                      ,2023-10-19 , 704 ,       437 ,Lawrence Strickland MD    ,         30 ,
OS                      ,2023-10-19 , 704 ,      3730 ,Rebecca Jackson           ,         31 ,
OS                      ,2023-10-19 , 704 ,       194 ,Jeanette Gonzales         ,         32 ,
OS                      ,2023-10-19 , 704 ,      4162 ,Leslie Jackson            ,         33 ,
OS                      ,2023-10-19 , 704 ,       318 ,Amy Brooks                ,         34 ,
OS                      ,2023-10-19 , 704 ,      3279 ,Brooke Garza              ,         35 ,
OS                      ,2023-10-19 , 704 ,      1315 ,April Rowe                ,         36 ,
OS                      ,2023-10-19 , 704 ,      2633 ,Emily Gonzalez            ,         37 ,
OS                      ,2023-10-19 , 704 ,      4236 ,James Ross                ,         38 ,
OS                      ,2023-10-19 , 704 ,      2378 ,Stephen Moore             ,         39 ,
OS                      ,2023-10-19 , 704 ,      3816 ,Sharon Dixon              ,         40 ,
OS                      ,2023-10-19 , 704 ,       626 ,Samuel Campbell           ,         41 ,
OS                      ,2023-10-19 , 704 ,      4369 ,Anne Torres               ,         42 ,
OS                      ,2023-10-19 , 704 ,      3718 ,George Wilkinson          ,         43 ,
OS                      ,2023-10-19 , 704 ,      1050 ,Louis Sanchez             ,         44 ,
OS                      ,2023-10-19 , 704 ,       802 ,Michael Adams             ,         45 ,
OS                      ,2023-10-19 , 704 ,        10 ,Andrew Adkins             ,         46 ,
OS                      ,2023-10-19 , 704 ,      1364 ,Eugene Jimenez            ,         47 ,
OS                      ,2023-10-19 , 704 ,      3767 ,Melanie Sanchez           ,         48 ,
OS                      ,2023-10-19 , 704 ,      3792 ,Meredith Beasley          ,         49 ,
OS                      ,2023-10-19 , 704 ,      1026 ,Karen Brown               ,         50 ,
Discrete Maths          ,2023-10-20 , 202 ,      4279 ,Claire Weber              ,          1 ,
Discrete Maths          ,2023-10-20 , 202 ,      3021 ,Andrea Bates              ,          2 ,
Discrete Maths          ,2023-10-20 , 202 ,      3735 ,Jeffery Herman            ,          3 ,
Discrete Maths          ,2023-10-20 , 202 ,      1522 ,Melissa Kramer            ,          4 ,
Discrete Maths          ,2023-10-20 , 202 ,      2892 ,Dr. Brenda Murphy MD      ,          5 ,
Discrete Maths          ,2023-10-20 , 202 ,      3882 ,Jeffrey Turner            ,          6 ,
Discrete Maths          ,2023-10-20 , 202 ,      2581 ,Erika Barnett             ,          7 ,
Discrete Maths          ,2023-10-20 , 202 ,      4011 ,Donna Bowers              ,          8 ,
Discrete Maths          ,2023-10-20 , 202 ,      4747 ,Carlos Davis              ,          9 ,
Discrete Maths          ,2023-10-20 , 202 ,      4138 ,Joseph Richardson         ,         10 ,
Discrete Maths          ,2023-10-20 , 202 ,      1995 ,Michelle Miller           ,         11 ,
Discrete Maths          ,2023-10-20 , 202 ,      3729 ,Andrea Edwards            ,         12 ,
Discrete Maths          ,2023-10-20 , 202 ,      2386 ,Nicolas White             ,         13 ,
Discrete Maths          ,2023-10-20 , 202 ,      1444 ,David Parks               ,         14 ,
Discrete Maths          ,2023-10-20 , 202 ,      3763 ,Austin Francis            ,         15 ,
Discrete Maths          ,2023-10-20 , 202 ,      2644 ,Nicole Gonzales           ,         16 ,
Discrete Maths          ,2023-10-20 , 202 ,      1024 ,Eric Coleman              ,         17 ,
Discrete Maths          ,2023-10-20 , 202 ,      2062 ,Charles Dixon             ,         18 ,
Discrete Maths          ,2023-10-20 , 202 ,      1009 ,Michelle Fox              ,         19 ,
Discrete Maths          ,2023-10-20 , 202 ,       799 ,Gary Arnold               ,         20 ,
Discrete Maths          ,2023-10-20 , 202 ,      2847 ,Timothy Fisher            ,         21 ,
Discrete Maths          ,2023-10-20 , 202 ,      3514 ,Chelsea Clarke            ,         22 ,
Discrete Maths          ,2023-10-20 , 202 ,      3605 ,Heather Price             ,         23 ,
Discrete Maths          ,2023-10-20 , 202 ,       908 ,Edwin Becker              ,         24 ,
Discrete Maths          ,2023-10-20 , 202 ,       225 ,Dustin Martin             ,         25 ,
Discrete Maths          ,2023-10-20 , 202 ,        56 ,Lisa Rice                 ,         26 ,
Discrete Maths          ,2023-10-20 , 202 ,      4218 ,Shannon Yoder DDS         ,         27 ,
Discrete Maths          ,2023-10-20 , 202 ,      3991 ,Debbie Reed               ,         28 ,
Discrete Maths          ,2023-10-20 , 202 ,      3085 ,Olivia Jones              ,         29 ,
Discrete Maths          ,2023-10-20 , 202 ,      4780 ,Cassandra Johnson         ,         30 ,
Discrete Maths          ,2023-10-20 , 202 ,      2557 ,Monica Davis              ,         31 ,
Discrete Maths          ,2023-10-20 , 202 ,       335 ,Christopher Travis        ,         32 ,
Discrete Maths          ,2023-10-20 , 202 ,      2850 ,Sarah Roberts             ,         33 ,
Discrete Maths          ,2023-10-20 , 202 ,      4685 ,Joshua Park               ,         34 ,
Discrete Maths          ,2023-10-20 , 202 ,       465 ,Teresa Gonzalez           ,         35 ,
Discrete Maths          ,2023-10-20 , 202 ,      2304 ,Katherine Johnson         ,         36 ,
Discrete Maths          ,2023-10-20 , 202 ,      2177 ,Miss Wendy Martin         ,         37 ,
Discrete Maths          ,2023-10-20 , 202 ,       455 ,Susan Fleming             ,         38 ,
Discrete Maths          ,2023-10-20 , 202 ,      1213 ,Nancy Cole                ,         39 ,
Discrete Maths          ,2023-10-20 , 202 ,      2489 ,Gloria Harris             ,         40 ,
Discrete Maths          ,2023-10-20 , 202 ,      4117 ,Joshua Garcia             ,         41 ,
Discrete Maths          ,2023-10-20 , 202 ,      3884 ,David Parker              ,         42 ,
Discrete Maths          ,2023-10-20 , 202 ,      2788 ,Zachary Campbell          ,         43 ,
Discrete Maths          ,2023-10-20 , 202 ,      3009 ,Reginald Mcfarland        ,         44 ,
Discrete Maths          ,2023-10-20 , 202 ,      2752 ,Timothy Lopez             ,         45 ,
Discrete Maths          ,2023-10-20 , 202 ,      3612 ,Kathryn Murray            ,         46 ,
Discrete Maths          ,2023-10-20 , 202 ,      4771 ,Craig White               ,         47 ,
Discrete Maths          ,2023-10-20 , 202 ,      4621 ,James Martinez            ,         48 ,
Discrete Maths          ,2023-10-20 , 202 ,      2447 ,Dana Martin               ,         49 ,
Discrete Maths          ,2023-10-20 , 202 ,      4063 ,Logan Johnson             ,         50 ,
DSA                     ,2023-10-21 , 301 ,      4566 ,Hunter Marks              ,          1 ,
DSA                     ,2023-10-21 , 301 ,      4586 ,Kevin Benton              ,          2 ,
DSA                     ,2023-10-21 , 301 ,      4177 ,Elizabeth Weiss           ,          3 ,
DSA                     ,2023-10-21 , 301 ,      3938 ,Katie Gutierrez           ,          4 ,
DSA                     ,2023-10-21 , 301 ,       177 ,Zachary Moore             ,          5 ,
DSA                     ,2023-10-21 , 301 ,       937 ,John Moore                ,          6 ,
DSA                     ,2023-10-21 , 301 ,      2098 ,David Hurst               ,          7 ,
DSA                     ,2023-10-21 , 301 ,      4810 ,Jeff Blair                ,          8 ,
DSA                     ,2023-10-21 , 301 ,      2444 ,Tracy Wilson              ,          9 ,
DSA                     ,2023-10-21 , 301 ,      1679 ,Melissa Morris            ,         10 ,
DSA                     ,2023-10-21 , 301 ,      4456 ,Clifford Whitney          ,         11 ,
DSA                     ,2023-10-21 , 301 ,      2375 ,Kyle Pham                 ,         12 ,
DSA                     ,2023-10-21 , 301 ,      3846 ,Tony Ford                 ,         13 ,
DSA                     ,2023-10-21 , 301 ,      3331 ,Karina Shelton            ,         14 ,
DSA                     ,2023-10-21 , 301 ,      4605 ,Patricia Gibson           ,         15 ,
DSA                     ,2023-10-21 , 301 ,      3709 ,Patrick Kim               ,         16 ,
DSA                     ,2023-10-21 , 301 ,      1666 ,Brian Obrien              ,         17 ,
DSA                     ,2023-10-21 , 301 ,      1357 ,David Bray                ,         18 ,
DSA                     ,2023-10-21 , 301 ,       747 ,Charles Rowe              ,         19 ,
DSA                     ,2023-10-21 , 301 ,      3161 ,Joshua Armstrong          ,         20 ,
DSA                     ,2023-10-21 , 301 ,       475 ,Jackie Gilmore            ,         21 ,
DSA                     ,2023-10-21 , 301 ,      4740 ,Steven Mays               ,         22 ,
DSA                     ,2023-10-21 , 301 ,      2239 ,Jason Johnson             ,         23 ,
DSA                     ,2023-10-21 , 301 ,      4060 ,John Wilkins              ,         24 ,
DSA                     ,2023-10-21 , 301 ,      2513 ,Sean Thompson             ,         25 ,
DSA                     ,2023-10-21 , 301 ,      4539 ,Elizabeth Cooke           ,         26 ,
DSA                     ,2023-10-21 , 301 ,       121 ,Matthew Willis            ,         27 ,
DSA                     ,2023-10-21 , 301 ,      3205 ,Tiffany Glass             ,         28 ,
DSA                     ,2023-10-21 , 301 ,      4087 ,Zachary Weber             ,         29 ,
DSA                     ,2023-10-21 , 301 ,      4168 ,Denise Jones              ,         30 ,
DSA                     ,2023-10-21 , 301 ,      2927 ,Shannon Pena              ,         31 ,
DSA                     ,2023-10-21 , 301 ,      1541 ,Christina Morris          ,         32 ,
DSA                     ,2023-10-21 , 301 ,      1093 ,Amy Soto                  ,         33 ,
DSA                     ,2023-10-21 , 301 ,      3820 ,Dr. Rebecca Smith MD      ,         34 ,
DSA                     ,2023-10-21 , 301 ,       913 ,Beth Anderson             ,         35 ,
DSA                     ,2023-10-21 , 301 ,      2496 ,Willie Odom               ,         36 ,
DSA                     ,2023-10-21 , 301 ,      4680 ,Noah Castro               ,         37 ,
DSA                     ,2023-10-21 , 301 ,      2936 ,Charles Pittman           ,         38 ,
DSA                     ,2023-10-21 , 301 ,      2289 ,Jared Hamilton            ,         39 ,
DSA                     ,2023-10-21 , 301 ,      2544 ,Alexander Johnson         ,         40 ,
DSA                     ,2023-10-21 , 301 ,      2782 ,Jordan Castro             ,         41 ,
DSA                     ,2023-10-21 , 301 ,      4431 ,Jessica Larsen            ,         42 ,
DSA                     ,2023-10-21 , 301 ,      1779 ,Kristi Martin             ,         43 ,
DSA                     ,2023-10-21 , 301 ,      1134 ,Deborah Green             ,         44 ,
DSA                     ,2023-10-21 , 301 ,       832 ,Lisa Benjamin             ,         45 ,
DSA                     ,2023-10-21 , 301 ,      4014 ,Douglas Smith             ,         46 ,
DSA                     ,2023-10-21 , 301 ,      4465 ,Heidi Bartlett DDS        ,         47 ,
DSA                     ,2023-10-21 , 301 ,      1265 ,Amanda Smith              ,         48 ,
DSA                     ,2023-10-21 , 301 ,      3668 ,Jodi Barker               ,         49 ,
DSA                     ,2023-10-21 , 301 ,       614 ,Jessica Martin            ,         50 ,
Compiler Design         ,2023-10-22 , 102 ,      3861 ,Nathaniel Reyes           ,          1 ,
Compiler Design         ,2023-10-22 , 102 ,      1350 ,Anthony Bush              ,          2 ,
Compiler Design         ,2023-10-22 , 102 ,      1897 ,Cheryl Vasquez            ,          3 ,
Compiler Design         ,2023-10-22 , 102 ,       755 ,Jason Simon               ,          4 ,
Compiler Design         ,2023-10-22 , 102 ,      4990 ,Sheila Farmer             ,          5 ,
Compiler Design         ,2023-10-22 , 102 ,      1415 ,Frank Strong              ,          6 ,
Compiler Design         ,2023-10-22 , 102 ,      2584 ,Cheryl Gonzales           ,          7 ,
Compiler Design         ,2023-10-22 , 102 ,      3437 ,Robert Francis            ,          8 ,
Compiler Design         ,2023-10-22 , 102 ,      1899 ,Mark Murphy               ,          9 ,
Compiler Design         ,2023-10-22 , 102 ,      3318 ,Katrina Johnson           ,         10 ,
Compiler Design         ,2023-10-22 , 102 ,       164 ,Tiffany Goodwin           ,         11 ,
Compiler Design         ,2023-10-22 , 102 ,      4355 ,Brandon Bates             ,         12 ,
Compiler Design         ,2023-10-22 , 102 ,      4437 ,James Gilbert             ,         13 ,
Compiler Design         ,2023-10-22 , 102 ,      4063 ,Logan Johnson             ,         14 ,
Compiler Design         ,2023-10-22 , 102 ,      1284 ,Brett Chan                ,         15 ,
Compiler Design         ,2023-10-22 , 102 ,       607 ,Jerry Ward                ,         16 ,
Compiler Design         ,2023-10-22 , 102 ,      1521 ,Jeremy Steele             ,         17 ,
Compiler Design         ,2023-10-22 , 102 ,      2365 ,Michael Powell            ,         18 ,
Compiler Design         ,2023-10-22 , 102 ,      2193 ,Savannah Hernandez MD     ,         19 ,
Compiler Design         ,2023-10-22 , 102 ,      4034 ,Savannah Fry              ,         20 ,
Compiler Design         ,2023-10-22 , 102 ,      1518 ,Hannah Rice               ,         21 ,
Compiler Design         ,2023-10-22 , 102 ,      3052 ,Robert Ortiz              ,         22 ,
Compiler Design         ,2023-10-22 , 102 ,      3994 ,Kristin Grimes            ,         23 ,
Compiler Design         ,2023-10-22 , 102 ,      2941 ,James Gibson              ,         24 ,
Compiler Design         ,2023-10-22 , 102 ,      4801 ,Kevin Hogan               ,         25 ,
Compiler Design         ,2023-10-22 , 102 ,      2175 ,Stacey Roth               ,         26 ,
Compiler Design         ,2023-10-22 , 102 ,      1052 ,Christopher Davis         ,         27 ,
Compiler Design         ,2023-10-22 , 102 ,      4415 ,Dr. Stephanie Vaughan PhD ,         28 ,
Compiler Design         ,2023-10-22 , 102 ,      2593 ,Timothy Jenkins           ,         29 ,
Compiler Design         ,2023-10-22 , 102 ,      1324 ,Derrick Glass             ,         30 ,
Compiler Design         ,2023-10-22 , 102 ,      1153 ,Anthony Ramirez           ,         31 ,
Compiler Design         ,2023-10-22 , 102 ,      1035 ,Brittany Stephens         ,         32 ,
Compiler Design         ,2023-10-22 , 102 ,      3495 ,Lauren Miller             ,         33 ,
Compiler Design         ,2023-10-22 , 102 ,      2179 ,Jillian Andrews           ,         34 ,
Compiler Design         ,2023-10-22 , 102 ,      4782 ,David Young               ,         35 ,
Compiler Design         ,2023-10-22 , 102 ,      3403 ,John Wilson               ,         36 ,
Compiler Design         ,2023-10-22 , 102 ,      4070 ,Matthew Mcclain           ,         37 ,
Compiler Design         ,2023-10-22 , 102 ,      2930 ,Joshua Scott DVM          ,         38 ,
Compiler Design         ,2023-10-22 , 102 ,      3179 ,Matthew Waller            ,         39 ,
Compiler Design         ,2023-10-22 , 102 ,      2342 ,Dennis Oliver             ,         40 ,
Compiler Design         ,2023-10-22 , 102 ,      3474 ,Jessica Butler            ,         41 ,
Compiler Design         ,2023-10-22 , 102 ,      1727 ,Evan Stone                ,         42 ,
Compiler Design         ,2023-10-22 , 102 ,       488 ,Robert Adams              ,         43 ,
Compiler Design         ,2023-10-22 , 102 ,      3716 ,Roger Adkins              ,         44 ,
Compiler Design         ,2023-10-22 , 102 ,      3165 ,Jerry Martinez            ,         45 ,
Compiler Design         ,2023-10-22 , 102 ,      4093 ,Denise Richardson         ,         46 ,
Compiler Design         ,2023-10-22 , 102 ,      3555 ,Bruce Garcia              ,         47 ,
Compiler Design         ,2023-10-22 , 102 ,       218 ,Mrs. Kaitlyn Cook         ,         48 ,
Compiler Design         ,2023-10-22 , 102 ,      3232 ,Philip Berry              ,         49 ,
Compiler Design         ,2023-10-22 , 102 ,      3769 ,Bryan Diaz                ,         50 ,
Cloud Computing         ,2023-10-23 , 702 ,       125 ,Jessica Miles             ,          1 ,
Cloud Computing         ,2023-10-23 , 702 ,      4226 ,Meghan Knox               ,          2 ,
Cloud Computing         ,2023-10-23 , 702 ,      4947 ,Shari Williams            ,          3 ,
Cloud Computing         ,2023-10-23 , 702 ,      2606 ,Susan Williamson          ,          4 ,
Cloud Computing         ,2023-10-23 , 702 ,      2324 ,Rachel Meyer              ,          5 ,
Cloud Computing         ,2023-10-23 , 702 ,      3105 ,Keith Phillips            ,          6 ,
Cloud Computing         ,2023-10-23 , 702 ,      2203 ,Trevor Thornton           ,          7 ,
Cloud Computing         ,2023-10-23 , 702 ,       331 ,Carlos Nelson             ,          8 ,
Cloud Computing         ,2023-10-23 , 702 ,      3171 ,Christopher Simon         ,          9 ,
Cloud Computing         ,2023-10-23 , 702 ,      3972 ,Katherine Bridges         ,         10 ,
Cloud Computing         ,2023-10-23 , 702 ,      4606 ,Christine Sweeney         ,         11 ,
Cloud Computing         ,2023-10-23 , 702 ,      1997 ,Logan Becker              ,         12 ,
Cloud Computing         ,2023-10-23 , 702 ,      1551 ,Rebecca Rodriguez         ,         13 ,
Cloud Computing         ,2023-10-23 , 702 ,      2407 ,Christopher Gomez         ,         14 ,
Cloud Computing         ,2023-10-23 , 702 ,      2434 ,Katherine Wilkins         ,         15 ,
Cloud Computing         ,2023-10-23 , 702 ,      3887 ,Melissa Silva             ,         16 ,
Cloud Computing         ,2023-10-23 , 702 ,      1740 ,Chelsey Smith             ,         17 ,
Cloud Computing         ,2023-10-23 , 702 ,      1042 ,Sherry Moran              ,         18 ,
Cloud Computing         ,2023-10-23 , 702 ,      3947 ,Travis Peterson           ,         19 ,
Cloud Computing         ,2023-10-23 , 702 ,      1248 ,Margaret Phillips         ,         20 ,
Cloud Computing         ,2023-10-23 , 702 ,      1542 ,Jesse Escobar             ,         21 ,
Cloud Computing         ,2023-10-23 , 702 ,      2157 ,Angela Romero             ,         22 ,
Cloud Computing         ,2023-10-23 , 702 ,      4760 ,Anthony Thornton          ,         23 ,
Cloud Computing         ,2023-10-23 , 702 ,       297 ,Linda Johnson             ,         24 ,
Cloud Computing         ,2023-10-23 , 702 ,      4667 ,Brittany Harris           ,         25 ,
Cloud Computing         ,2023-10-23 , 702 ,      1734 ,Jacqueline Sanchez        ,         26 ,
Cloud Computing         ,2023-10-23 , 702 ,       257 ,Bobby Palmer              ,         27 ,
Cloud Computing         ,2023-10-23 , 702 ,      4918 ,Cynthia Spencer           ,         28 ,
Cloud Computing         ,2023-10-23 , 702 ,       434 ,Jeffrey Taylor            ,         29 ,
Cloud Computing         ,2023-10-23 , 702 ,      1622 ,Taylor Harris             ,         30 ,
Cloud Computing         ,2023-10-23 , 702 ,      3712 ,Carrie Smith              ,         31 ,
Cloud Computing         ,2023-10-23 , 702 ,      2712 ,Brian David               ,         32 ,
Cloud Computing         ,2023-10-23 , 702 ,       422 ,Paige Guerrero            ,         33 ,
Cloud Computing         ,2023-10-23 , 702 ,      4210 ,Robert Mcknight           ,         34 ,
Cloud Computing         ,2023-10-23 , 702 ,       353 ,Tony Bennett              ,         35 ,
Cloud Computing         ,2023-10-23 , 702 ,       396 ,Marcia Reese              ,         36 ,
Cloud Computing         ,2023-10-23 , 702 ,      3961 ,Andrew Sherman            ,         37 ,
Cloud Computing         ,2023-10-23 , 702 ,      3875 ,Steven Maldonado          ,         38 ,
Cloud Computing         ,2023-10-23 , 702 ,      1477 ,Angela Castillo           ,         39 ,
Cloud Computing         ,2023-10-23 , 702 ,      3769 ,Bryan Diaz                ,         40 ,
Cloud Computing         ,2023-10-23 , 702 ,       205 ,William Hall              ,         41 ,
Cloud Computing         ,2023-10-23 , 702 ,      2737 ,Michael Moreno            ,         42 ,
Cloud Computing         ,2023-10-23 , 702 ,      3965 ,Elizabeth Pena            ,         43 ,
Cloud Computing         ,2023-10-23 , 702 ,      4364 ,Hannah Middleton          ,         44 ,
Cloud Computing         ,2023-10-23 , 702 ,       458 ,Joshua Wright             ,         45 ,
Cloud Computing         ,2023-10-23 , 702 ,      2139 ,Brandon Freeman           ,         46 ,
Cloud Computing         ,2023-10-23 , 702 ,      4421 ,Katherine Williams        ,         47 ,
Cloud Computing         ,2023-10-23 , 702 ,      4848 ,Mrs. Tracey Mathews MD    ,         48 ,
Cloud Computing         ,2023-10-23 , 702 ,      4814 ,Calvin Duran              ,         49 ,
Cloud Computing         ,2023-10-23 , 702 ,      1372 ,Isabella Pena             ,         50 ,
Java Programming        ,2023-10-24 , 601 ,       840 ,Michelle Collins          ,          1 ,
Java Programming        ,2023-10-24 , 601 ,      1293 ,Jessica Wright            ,          2 ,
Java Programming        ,2023-10-24 , 601 ,      4821 ,Erica Todd                ,          3 ,
Java Programming        ,2023-10-24 , 601 ,      1647 ,Ian Martinez              ,          4 ,
Java Programming        ,2023-10-24 , 601 ,      2492 ,Austin Marshall           ,          5 ,
Java Programming        ,2023-10-24 , 601 ,      3197 ,Kristy Watkins            ,          6 ,
Java Programming        ,2023-10-24 , 601 ,       374 ,Phillip Choi              ,          7 ,
Java Programming        ,2023-10-24 , 601 ,       454 ,Leonard Munoz             ,          8 ,
Java Programming        ,2023-10-24 , 601 ,      2315 ,Shawn Lee                 ,          9 ,
Java Programming        ,2023-10-24 , 601 ,         4 ,Shannon Tyler             ,         10 ,
Java Programming        ,2023-10-24 , 601 ,      1725 ,Tony Kim                  ,         11 ,
Java Programming        ,2023-10-24 , 601 ,       442 ,Brittany Evans            ,         12 ,
Java Programming        ,2023-10-24 , 601 ,      3091 ,Heather Hernandez         ,         13 ,
Java Programming        ,2023-10-24 , 601 ,       273 ,Ryan Allen                ,         14 ,
Java Programming        ,2023-10-24 , 601 ,      2895 ,Kristen Nicholson         ,         15 ,
Java Programming        ,2023-10-24 , 601 ,      1421 ,George Roach              ,         16 ,
Java Programming        ,2023-10-24 , 601 ,       232 ,William Smith             ,         17 ,
Java Programming        ,2023-10-24 , 601 ,      3864 ,Meghan Burgess            ,         18 ,
Java Programming        ,2023-10-24 , 601 ,      3345 ,Crystal Rios              ,         19 ,
Java Programming        ,2023-10-24 , 601 ,      3951 ,Scott Rogers              ,         20 ,
Java Programming        ,2023-10-24 , 601 ,      3803 ,Eric Smith                ,         21 ,
Java Programming        ,2023-10-24 , 601 ,      2073 ,Erica Moore               ,         22 ,
Java Programming        ,2023-10-24 , 601 ,       390 ,Felicia Thompson          ,         23 ,
Java Programming        ,2023-10-24 , 601 ,       684 ,Jacob Foster              ,         24 ,
Java Programming        ,2023-10-24 , 601 ,      3811 ,Amy Pierce                ,         25 ,
Java Programming        ,2023-10-24 , 601 ,      2631 ,Christopher Cooper        ,         26 ,
Java Programming        ,2023-10-24 , 601 ,       890 ,Paul Ritter               ,         27 ,
Java Programming        ,2023-10-24 , 601 ,      1981 ,Jerry Morgan              ,         28 ,
Java Programming        ,2023-10-24 , 601 ,      3551 ,Maria Meza                ,         29 ,
Java Programming        ,2023-10-24 , 601 ,      3386 ,Joshua Collins            ,         30 ,
Java Programming        ,2023-10-24 , 601 ,      1790 ,Kevin Bentley             ,         31 ,
Java Programming        ,2023-10-24 , 601 ,      2982 ,Hannah Owens              ,         32 ,
Java Programming        ,2023-10-24 , 601 ,      1399 ,Charles Stewart           ,         33 ,
Java Programming        ,2023-10-24 , 601 ,      1427 ,Kimberly King             ,         34 ,
Java Programming        ,2023-10-24 , 601 ,      4424 ,Kristi Burke              ,         35 ,
Java Programming        ,2023-10-24 , 601 ,      1420 ,Sandra Scott              ,         36 ,
Java Programming        ,2023-10-24 , 601 ,       162 ,Heather Kramer            ,         37 ,
Java Programming        ,2023-10-24 , 601 ,      1621 ,Amber Leach               ,         38 ,
Java Programming        ,2023-10-24 , 601 ,      2817 ,Sue Mathis                ,         39 ,
Java Programming        ,2023-10-24 , 601 ,      4463 ,Lori Clark                ,         40 ,
Java Programming        ,2023-10-24 , 601 ,      1665 ,Meredith Young            ,         41 ,
Java Programming        ,2023-10-24 , 601 ,      1080 ,Dennis Gomez              ,         42 ,
Java Programming        ,2023-10-24 , 601 ,       283 ,Morgan Montgomery         ,         43 ,
Java Programming        ,2023-10-24 , 601 ,      2516 ,Brian Harris              ,         44 ,
Java Programming        ,2023-10-24 , 601 ,      3679 ,Nathan Vincent            ,         45 ,
Programming Paradigms   ,2023-10-25 , 502 ,      2334 ,David Martinez            ,          1 ,
Programming Paradigms   ,2023-10-25 , 502 ,      4021 ,Zachary Ward              ,          2 ,
Programming Paradigms   ,2023-10-25 , 502 ,       807 ,Douglas Fowler            ,          3 ,
Programming Paradigms   ,2023-10-25 , 502 ,      1454 ,Colleen Murray            ,          4 ,
Programming Paradigms   ,2023-10-25 , 502 ,      3669 ,Nicole Bird               ,          5 ,
Programming Paradigms   ,2023-10-25 , 502 ,       893 ,Kenneth Gordon            ,          6 ,
Programming Paradigms   ,2023-10-25 , 502 ,      3405 ,Kathleen Rivera           ,          7 ,
Programming Paradigms   ,2023-10-25 , 502 ,      1274 ,Judith Huynh              ,          8 ,
Programming Paradigms   ,2023-10-25 , 502 ,      2167 ,Darren Chang              ,          9 ,
Programming Paradigms   ,2023-10-25 , 502 ,       746 ,Robert Parker             ,         10 ,
Programming Paradigms   ,2023-10-25 , 502 ,      3348 ,Kerri Jones               ,         11 ,
Programming Paradigms   ,2023-10-25 , 502 ,      4505 ,Aaron Carter              ,         12 ,
Programming Paradigms   ,2023-10-25 , 502 ,       632 ,Julie Jackson             ,         13 ,
Programming Paradigms   ,2023-10-25 , 502 ,      2452 ,Patricia King             ,         14 ,
Programming Paradigms   ,2023-10-25 , 502 ,      3883 ,Jamie Saunders            ,         15 ,
Programming Paradigms   ,2023-10-25 , 502 ,       726 ,Darrell Edwards           ,         16 ,
Programming Paradigms   ,2023-10-25 , 502 ,       904 ,John Benton               ,         17 ,
Programming Paradigms   ,2023-10-25 , 502 ,       353 ,Tony Bennett              ,         18 ,
Programming Paradigms   ,2023-10-25 , 502 ,      4281 ,Mr. Walter Chen           ,         19 ,
Programming Paradigms   ,2023-10-25 , 502 ,        35 ,Robert Collins            ,         20 ,
Programming Paradigms   ,2023-10-25 , 502 ,      4998 ,Audrey Hodge              ,         21 ,
Programming Paradigms   ,2023-10-25 , 502 ,      1118 ,Frederick Bullock         ,         22 ,
Programming Paradigms   ,2023-10-25 , 502 ,      3929 ,Nicole Martinez           ,         23 ,
Programming Paradigms   ,2023-10-25 , 502 ,      3818 ,Sharon Stevenson          ,         24 ,
Programming Paradigms   ,2023-10-25 , 502 ,      4807 ,Allison Johnson           ,         25 ,
Programming Paradigms   ,2023-10-25 , 502 ,       135 ,Jennifer Glenn            ,         26 ,
Programming Paradigms   ,2023-10-25 , 502 ,      3759 ,Joseph Wallace            ,         27 ,
Programming Paradigms   ,2023-10-25 , 502 ,      3847 ,Teresa Ware               ,         28 ,
Programming Paradigms   ,2023-10-25 , 502 ,      3848 ,Audrey Knight             ,         29 ,
Programming Paradigms   ,2023-10-25 , 502 ,       111 ,Erica Christian           ,         30 ,
Programming Paradigms   ,2023-10-25 , 502 ,      3141 ,Cameron Sanchez           ,         31 ,
Programming Paradigms   ,2023-10-25 , 502 ,      2985 ,Rita Mills                ,         32 ,
Programming Paradigms   ,2023-10-25 , 502 ,      3430 ,Elizabeth Hernandez       ,         33 ,
Programming Paradigms   ,2023-10-25 , 502 ,      4306 ,Holly Gonzalez            ,         34 ,
Programming Paradigms   ,2023-10-25 , 502 ,      1751 ,Stephanie Blair           ,         35 ,
Programming Paradigms   ,2023-10-25 , 502 ,      4002 ,Andrew Kelly              ,         36 ,
Programming Paradigms   ,2023-10-25 , 502 ,       389 ,Jeffrey Allison           ,         37 ,
Programming Paradigms   ,2023-10-25 , 502 ,      2421 ,Glenn Cox                 ,         38 ,
Programming Paradigms   ,2023-10-25 , 502 ,      2562 ,Greg Brown                ,         39 ,
Programming Paradigms   ,2023-10-25 , 502 ,      4142 ,Michael Long              ,         40 ,
Programming Paradigms   ,2023-10-25 , 502 ,       387 ,Robin Garcia              ,         41 ,
Programming Paradigms   ,2023-10-25 , 502 ,      2568 ,Lawrence Petty            ,         42 ,
Programming Paradigms   ,2023-10-25 , 502 ,       756 ,Daniel Green              ,         43 ,
Programming Paradigms   ,2023-10-25 , 502 ,      2069 ,Matthew Byrd              ,         44 ,
Programming Paradigms   ,2023-10-25 , 502 ,      3473 ,Alan Aguirre              ,         45 ,
Blockchain Technologies ,2023-10-26 , 405 ,      3284 ,Alicia Hawkins            ,          1 ,
Blockchain Technologies ,2023-10-26 , 405 ,      2757 ,Tracy Byrd                ,          2 ,
Blockchain Technologies ,2023-10-26 , 405 ,      2573 ,Levi Smith                ,          3 ,
Blockchain Technologies ,2023-10-26 , 405 ,      3008 ,Bethany Benjamin          ,          4 ,
Blockchain Technologies ,2023-10-26 , 405 ,      4965 ,Sierra Snyder             ,          5 ,
Blockchain Technologies ,2023-10-26 , 405 ,      1659 ,James Hansen              ,          6 ,
Blockchain Technologies ,2023-10-26 , 405 ,      1341 ,Charles Hodges            ,          7 ,
Blockchain Technologies ,2023-10-26 , 405 ,      2116 ,Zachary Smith             ,          8 ,
Blockchain Technologies ,2023-10-26 , 405 ,      1873 ,Andrew Fritz              ,          9 ,
Blockchain Technologies ,2023-10-26 , 405 ,      2144 ,Mercedes Adkins           ,         10 ,
Blockchain Technologies ,2023-10-26 , 405 ,      2858 ,Kevin Gonzalez            ,         11 ,
Blockchain Technologies ,2023-10-26 , 405 ,       697 ,Tammy Briggs              ,         12 ,
Blockchain Technologies ,2023-10-26 , 405 ,      2069 ,Matthew Byrd              ,         13 ,
Blockchain Technologies ,2023-10-26 , 405 ,      4439 ,Christopher Ortiz         ,         14 ,
Blockchain Technologies ,2023-10-26 , 405 ,      2502 ,Ian Ryan                  ,         15 ,
Blockchain Technologies ,2023-10-26 , 405 ,      2122 ,Kimberly Hernandez DVM    ,         16 ,
Blockchain Technologies ,2023-10-26 , 405 ,       454 ,Leonard Munoz             ,         17 ,
Blockchain Technologies ,2023-10-26 , 405 ,      2888 ,David Nelson              ,         18 ,
Blockchain Technologies ,2023-10-26 , 405 ,      4996 ,Karina Carroll            ,         19 ,
Blockchain Technologies ,2023-10-26 , 405 ,      3624 ,Tammy Anderson            ,         20 ,
Blockchain Technologies ,2023-10-26 , 405 ,      4847 ,Kenneth Cummings          ,         21 ,
Blockchain Technologies ,2023-10-26 , 405 ,      1305 ,Nancy Smith               ,         22 ,
Blockchain Technologies ,2023-10-26 , 405 ,      1065 ,Nathaniel Smith           ,         23 ,
Blockchain Technologies ,2023-10-26 , 405 ,      4339 ,Samantha Watts            ,         24 ,
Blockchain Technologies ,2023-10-26 , 405 ,      1239 ,Kevin Wright              ,         25 ,
Blockchain Technologies ,2023-10-26 , 405 ,        82 ,Jennifer Huerta           ,         26 ,
Blockchain Technologies ,2023-10-26 , 405 ,      2153 ,Dan Roberts               ,         27 ,
Blockchain Technologies ,2023-10-26 , 405 ,       172 ,Regina Jordan             ,         28 ,
Blockchain Technologies ,2023-10-26 , 405 ,      3702 ,Amanda Smith              ,         29 ,
Blockchain Technologies ,2023-10-26 , 405 ,      4809 ,Joseph Cunningham         ,         30 ,
Blockchain Technologies ,2023-10-26 , 405 ,      3587 ,Roger Martinez            ,         31 ,
Blockchain Technologies ,2023-10-26 , 405 ,      4888 ,Laura Nash                ,         32 ,
Blockchain Technologies ,2023-10-26 , 405 ,       479 ,Toni Douglas              ,         33 ,
Blockchain Technologies ,2023-10-26 , 405 ,      4239 ,Edwin Harris              ,         34 ,
Blockchain Technologies ,2023-10-26 , 405 ,       471 ,Craig Hendrix             ,         35 ,
Blockchain Technologies ,2023-10-26 , 405 ,      1091 ,Kimberly Hanson           ,         36 ,
Blockchain Technologies ,2023-10-26 , 405 ,      3059 ,Patricia Gibbs            ,         37 ,
Blockchain Technologies ,2023-10-26 , 405 ,      3768 ,William Maxwell           ,         38 ,
Blockchain Technologies ,2023-10-26 , 405 ,      4802 ,William Martinez          ,         39 ,
Blockchain Technologies ,2023-10-26 , 405 ,      2017 ,Bradley Lee DDS           ,         40 ,
Blockchain Technologies ,2023-10-26 , 405 ,      4881 ,Jennifer Miller           ,         41 ,
Blockchain Technologies ,2023-10-26 , 405 ,      1698 ,Theresa Wilson            ,         42 ,
Blockchain Technologies ,2023-10-26 , 405 ,      2053 ,Tristan Stevens           ,         43 ,
Blockchain Technologies ,2023-10-26 , 405 ,      3835 ,Brandon Huber             ,         44 ,
Blockchain Technologies ,2023-10-26 , 405 ,      3094 ,Jessica Ortiz             ,         45 ,
Advanced C              ,2023-10-27 , 501 ,       284 ,Manuel Williams           ,          1 ,
Advanced C              ,2023-10-27 , 501 ,      4058 ,Christina Wolf            ,          2 ,
Advanced C              ,2023-10-27 , 501 ,      3581 ,Candace Dennis            ,          3 ,
Advanced C              ,2023-10-27 , 501 ,      1311 ,Brooke Edwards            ,          4 ,
Advanced C              ,2023-10-27 , 501 ,      1171 ,Bianca Peters             ,          5 ,
Advanced C              ,2023-10-27 , 501 ,      1724 ,Madeline Davis            ,          6 ,
Advanced C              ,2023-10-27 , 501 ,      3771 ,Jennifer Myers            ,          7 ,
Advanced C              ,2023-10-27 , 501 ,      1737 ,Jeffery Guerra            ,          8 ,
Advanced C              ,2023-10-27 , 501 ,      2637 ,Sue Sanders               ,          9 ,
Advanced C              ,2023-10-27 , 501 ,      3688 ,Gary Fisher               ,         10 ,
Advanced C              ,2023-10-27 , 501 ,       469 ,Michael Johnson           ,         11 ,
Advanced C              ,2023-10-27 , 501 ,       270 ,Rebecca Wright            ,         12 ,
Advanced C              ,2023-10-27 , 501 ,      1489 ,Bruce Farrell             ,         13 ,
Advanced C              ,2023-10-27 , 501 ,      3625 ,Michael Wright            ,         14 ,
Advanced C              ,2023-10-27 , 501 ,      3958 ,Zachary Daniel            ,         15 ,
Advanced C              ,2023-10-27 , 501 ,      1385 ,Michael Smith             ,         16 ,
Advanced C              ,2023-10-27 , 501 ,      1481 ,Melissa Wilson MD         ,         17 ,
Advanced C              ,2023-10-27 , 501 ,      2666 ,Daniel Stone              ,         18 ,
Advanced C              ,2023-10-27 , 501 ,       206 ,Christine Barker          ,         19 ,
Advanced C              ,2023-10-27 , 501 ,      3304 ,Brian Clayton             ,         20 ,
Advanced C              ,2023-10-27 , 501 ,      1285 ,Krystal Chen              ,         21 ,
Advanced C              ,2023-10-27 , 501 ,       752 ,Jonathan Webb             ,         22 ,
Advanced C              ,2023-10-27 , 501 ,      4325 ,David Rice                ,         23 ,
Advanced C              ,2023-10-27 , 501 ,      1209 ,Eric Martinez             ,         24 ,
Advanced C              ,2023-10-27 , 501 ,      1671 ,Jennifer Tucker           ,         25 ,
Advanced C              ,2023-10-27 , 501 ,      3699 ,Jasmine Clarke            ,         26 ,
Advanced C              ,2023-10-27 , 501 ,      2441 ,Jeffery Bruce             ,         27 ,
Advanced C              ,2023-10-27 , 501 ,      4923 ,Mr. Cory Contreras        ,         28 ,
Advanced C              ,2023-10-27 , 501 ,      4152 ,Kaitlyn Patton            ,         29 ,
Advanced C              ,2023-10-27 , 501 ,       860 ,Heather Espinoza          ,         30 ,
Advanced C              ,2023-10-27 , 501 ,        58 ,Cynthia Soto              ,         31 ,
Advanced C              ,2023-10-27 , 501 ,       442 ,Brittany Evans            ,         32 ,
Advanced C              ,2023-10-27 , 501 ,      2740 ,Mark Foster               ,         33 ,
Advanced C              ,2023-10-27 , 501 ,      3075 ,Kristina Baker            ,         34 ,
Advanced C              ,2023-10-27 , 501 ,      2964 ,Leslie Johnson            ,         35 ,
Advanced C              ,2023-10-27 , 501 ,      2707 ,Miranda Garcia            ,         36 ,
Advanced C              ,2023-10-27 , 501 ,      3276 ,Garrett Welch             ,         37 ,
Advanced C              ,2023-10-27 , 501 ,      2261 ,Gregory Preston           ,         38 ,
Advanced C              ,2023-10-27 , 501 ,      1108 ,Matthew Richards          ,         39 ,
Advanced C              ,2023-10-27 , 501 ,      4456 ,Clifford Whitney          ,         40 ,
Advanced C              ,2023-10-27 , 501 ,      4973 ,David Spencer             ,         41 ,
Advanced C              ,2023-10-27 , 501 ,      4571 ,Mary Hickman              ,         42 ,
Advanced C              ,2023-10-27 , 501 ,      2945 ,Stacey Zamora             ,         43 ,
Advanced C              ,2023-10-27 , 501 ,      1432 ,Samuel Griffin            ,         44 ,
Advanced C              ,2023-10-27 , 501 ,      1708 ,Sharon Scott              ,         45 ,
Advanced C              ,2023-10-27 , 501 ,      4356 ,Jay Johnson               ,         46 ,
Advanced C              ,2023-10-27 , 501 ,      1246 ,Cynthia Rose              ,         47 ,
Advanced C              ,2023-10-27 , 501 ,      2499 ,Jennifer Ware             ,         48 ,
Advanced C              ,2023-10-27 , 501 ,      1141 ,Lisa Gray                 ,         49 ,
Advanced C              ,2023-10-27 , 501 ,      2387 ,Catherine Leach           ,         50 ,
Data Visualization      ,2023-10-28 , 402 ,      4334 ,Jennifer Phillips         ,          1 ,
Data Visualization      ,2023-10-28 , 402 ,      3675 ,Mary Hart                 ,          2 ,
Data Visualization      ,2023-10-28 , 402 ,       696 ,Christopher Ortega        ,          3 ,
Data Visualization      ,2023-10-28 , 402 ,      4822 ,Christine Goodwin         ,          4 ,
Data Visualization      ,2023-10-28 , 402 ,       551 ,Pamela Burke              ,          5 ,
Data Visualization      ,2023-10-28 , 402 ,       395 ,Kathryn Gomez             ,          6 ,
Data Visualization      ,2023-10-28 , 402 ,      2937 ,Melissa Willis            ,          7 ,
Data Visualization      ,2023-10-28 , 402 ,      4293 ,Eric Perez                ,          8 ,
Data Visualization      ,2023-10-28 , 402 ,      3448 ,Laura Johnson             ,          9 ,
Data Visualization      ,2023-10-28 , 402 ,       409 ,Janet Tran                ,         10 ,
Data Visualization      ,2023-10-28 , 402 ,      1675 ,Monique Williams          ,         11 ,
Data Visualization      ,2023-10-28 , 402 ,      1019 ,Nicole Cain               ,         12 ,
Data Visualization      ,2023-10-28 , 402 ,      3763 ,Austin Francis            ,         13 ,
Data Visualization      ,2023-10-28 , 402 ,      2240 ,Jason Williams            ,         14 ,
Data Visualization      ,2023-10-28 , 402 ,       238 ,Benjamin Hernandez        ,         15 ,
Data Visualization      ,2023-10-28 , 402 ,      4862 ,Haley Parks               ,         16 ,
Data Visualization      ,2023-10-28 , 402 ,      4633 ,Joseph Knight             ,         17 ,
Data Visualization      ,2023-10-28 , 402 ,      2888 ,David Nelson              ,         18 ,
Data Visualization      ,2023-10-28 , 402 ,      3845 ,Melanie Brandt            ,         19 ,
Data Visualization      ,2023-10-28 , 402 ,      3849 ,Michael Lambert           ,         20 ,
Data Visualization      ,2023-10-28 , 402 ,       848 ,Ryan Jackson              ,         21 ,
Data Visualization      ,2023-10-28 , 402 ,      1361 ,Veronica Lynn             ,         22 ,
Data Visualization      ,2023-10-28 , 402 ,      3764 ,Kathy Wallace             ,         23 ,
Data Visualization      ,2023-10-28 , 402 ,      4947 ,Shari Williams            ,         24 ,
Data Visualization      ,2023-10-28 , 402 ,      4828 ,Chelsea Morrison          ,         25 ,
Data Visualization      ,2023-10-28 , 402 ,      1053 ,Jason Hunt                ,         26 ,
Data Visualization      ,2023-10-28 , 402 ,      3790 ,Jesus Thomas              ,         27 ,
Data Visualization      ,2023-10-28 , 402 ,       218 ,Mrs. Kaitlyn Cook         ,         28 ,
Data Visualization      ,2023-10-28 , 402 ,       684 ,Jacob Foster              ,         29 ,
Data Visualization      ,2023-10-28 , 402 ,      2631 ,Christopher Cooper        ,         30 ,
Data Visualization      ,2023-10-28 , 402 ,      2245 ,Alexander Parsons         ,         31 ,
Data Visualization      ,2023-10-28 , 402 ,      3365 ,Alexander Garza           ,         32 ,
Data Visualization      ,2023-10-28 , 402 ,      4316 ,Richard Sexton            ,         33 ,
Data Visualization      ,2023-10-28 , 402 ,      4780 ,Cassandra Johnson         ,         34 ,
Data Visualization      ,2023-10-28 , 402 ,      1205 ,Melanie Scott             ,         35 ,
Data Visualization      ,2023-10-28 , 402 ,      1308 ,Kelly Whitaker            ,         36 ,
Data Visualization      ,2023-10-28 , 402 ,      2986 ,Anthony Castillo          ,         37 ,
Data Visualization      ,2023-10-28 , 402 ,      4453 ,James Johnson             ,         38 ,
Data Visualization      ,2023-10-28 , 402 ,      4827 ,Patricia Spencer          ,         39 ,
Data Visualization      ,2023-10-28 , 402 ,      3082 ,Joy Davis                 ,         40 ,
Data Visualization      ,2023-10-28 , 402 ,      3771 ,Jennifer Myers            ,         41 ,
Data Visualization      ,2023-10-28 , 402 ,      3434 ,Jon Moore                 ,         42 ,
Data Visualization      ,2023-10-28 , 402 ,      2734 ,William Yang              ,         43 ,
Data Visualization      ,2023-10-28 , 402 ,      1906 ,Joshua Haley PhD          ,         44 ,
Data Visualization      ,2023-10-28 , 402 ,      3820 ,Dr. Rebecca Smith MD      ,         45 ,
Data Visualization      ,2023-10-28 , 402 ,      3304 ,Brian Clayton             ,         46 ,
Data Visualization      ,2023-10-28 , 402 ,      2100 ,Perry Fowler              ,         47 ,
Data Visualization      ,2023-10-28 , 402 ,      1420 ,Sandra Scott              ,         48 ,
Data Visualization      ,2023-10-28 , 402 ,      2472 ,Amy Porter                ,         49 ,
Data Visualization      ,2023-10-28 , 402 ,        23 ,Benjamin King             ,         50 ,
Microprocessors         ,2023-10-29 , 405 ,      1791 ,Diana Young               ,          1 ,
Microprocessors         ,2023-10-29 , 405 ,      4589 ,Vincent Hughes            ,          2 ,
Microprocessors         ,2023-10-29 , 405 ,      1594 ,Tanya Wilson              ,          3 ,
Microprocessors         ,2023-10-29 , 405 ,      3099 ,Candice Hurst             ,          4 ,
Microprocessors         ,2023-10-29 , 405 ,      1929 ,Mrs. Yolanda Taylor       ,          5 ,
Microprocessors         ,2023-10-29 , 405 ,      4723 ,John Ball                 ,          6 ,
Microprocessors         ,2023-10-29 , 405 ,      2526 ,Richard Pierce            ,          7 ,
Microprocessors         ,2023-10-29 , 405 ,      1853 ,Raymond Rich              ,          8 ,
Microprocessors         ,2023-10-29 , 405 ,      4429 ,Carolyn Jones             ,          9 ,
Microprocessors         ,2023-10-29 , 405 ,      3372 ,Joseph Sanders            ,         10 ,
Microprocessors         ,2023-10-29 , 405 ,       520 ,Kelly Green               ,         11 ,
Microprocessors         ,2023-10-29 , 405 ,      3893 ,Monica Freeman            ,         12 ,
Microprocessors         ,2023-10-29 , 405 ,       187 ,Jennifer Young            ,         13 ,
Microprocessors         ,2023-10-29 , 405 ,      1545 ,Paige Pearson             ,         14 ,
Microprocessors         ,2023-10-29 , 405 ,       391 ,Theresa Brewer            ,         15 ,
Microprocessors         ,2023-10-29 , 405 ,      1616 ,Brian Richardson          ,         16 ,
Microprocessors         ,2023-10-29 , 405 ,      3451 ,Erica Sanchez             ,         17 ,
Microprocessors         ,2023-10-29 , 405 ,      3400 ,Andrew Richards           ,         18 ,
Microprocessors         ,2023-10-29 , 405 ,      4553 ,Katherine Austin          ,         19 ,
Microprocessors         ,2023-10-29 , 405 ,      3133 ,Tabitha Johnson           ,         20 ,
Microprocessors         ,2023-10-29 , 405 ,      3113 ,Danielle Moses            ,         21 ,
Microprocessors         ,2023-10-29 , 405 ,      1191 ,Crystal Martin            ,         22 ,
Microprocessors         ,2023-10-29 , 405 ,      4823 ,Robert Levine             ,         23 ,
Microprocessors         ,2023-10-29 , 405 ,      1331 ,Jamie Gray                ,         24 ,
Microprocessors         ,2023-10-29 , 405 ,      1460 ,Jamie Erickson            ,         25 ,
Microprocessors         ,2023-10-29 , 405 ,      2644 ,Nicole Gonzales           ,         26 ,
Microprocessors         ,2023-10-29 , 405 ,      4970 ,Paula Cunningham          ,         27 ,
Microprocessors         ,2023-10-29 , 405 ,      4952 ,Victoria Collins          ,         28 ,
Microprocessors         ,2023-10-29 , 405 ,      4690 ,Sarah Bishop              ,         29 ,
Microprocessors         ,2023-10-29 , 405 ,      3185 ,Stephanie Rios            ,         30 ,
Microprocessors         ,2023-10-29 , 405 ,      2703 ,Jacob Bates               ,         31 ,
Microprocessors         ,2023-10-29 , 405 ,      3392 ,Angela George             ,         32 ,
Microprocessors         ,2023-10-29 , 405 ,       323 ,Vincent Owens             ,         33 ,
Microprocessors         ,2023-10-29 , 405 ,      1204 ,Michael Baker             ,         34 ,
Microprocessors         ,2023-10-29 , 405 ,      1269 ,Kayla Ross                ,         35 ,
Microprocessors         ,2023-10-29 , 405 ,      1843 ,Marissa Jackson           ,         36 ,
Microprocessors         ,2023-10-29 , 405 ,       258 ,Jenna Jordan              ,         37 ,
Microprocessors         ,2023-10-29 , 405 ,      4754 ,Eric Rivera               ,         38 ,
Microprocessors         ,2023-10-29 , 405 ,       343 ,Cheryl Miller             ,         39 ,
Microprocessors         ,2023-10-29 , 405 ,      2839 ,Emily Brooks              ,         40 ,
Microprocessors         ,2023-10-29 , 405 ,      3959 ,Victor Oliver             ,         41 ,
Microprocessors         ,2023-10-29 , 405 ,      2719 ,Ryan Martin               ,         42 ,
Microprocessors         ,2023-10-29 , 405 ,      2273 ,Kimberly Thornton         ,         43 ,
Microprocessors         ,2023-10-29 , 405 ,        10 ,Andrew Adkins             ,         44 ,
Microprocessors         ,2023-10-29 , 405 ,      3240 ,Kaitlyn Hill              ,         45 ,
IOT                     ,2023-10-30 , 102 ,      4927 ,Christy Mason             ,          1 ,
IOT                     ,2023-10-30 , 102 ,       616 ,Michelle Robinson         ,          2 ,
IOT                     ,2023-10-30 , 102 ,      1208 ,Peter Giles               ,          3 ,
IOT                     ,2023-10-30 , 102 ,       997 ,Pamela Holloway MD        ,          4 ,
IOT                     ,2023-10-30 , 102 ,      2760 ,Theresa Ross              ,          5 ,
IOT                     ,2023-10-30 , 102 ,      2147 ,Jill Perez                ,          6 ,
IOT                     ,2023-10-30 , 102 ,      1273 ,Mark Stewart              ,          7 ,
IOT                     ,2023-10-30 , 102 ,      2676 ,Eric Duran                ,          8 ,
IOT                     ,2023-10-30 , 102 ,       110 ,Cody Ashley               ,          9 ,
IOT                     ,2023-10-30 , 102 ,      3977 ,Cheryl Schneider MD       ,         10 ,
IOT                     ,2023-10-30 , 102 ,      1129 ,Devin Wallace             ,         11 ,
IOT                     ,2023-10-30 , 102 ,       277 ,Nicole Winters            ,         12 ,
IOT                     ,2023-10-30 , 102 ,      2176 ,Debbie Brown              ,         13 ,
IOT                     ,2023-10-30 , 102 ,      3955 ,Andrew Rivera             ,         14 ,
IOT                     ,2023-10-30 , 102 ,      1138 ,Jessica Coleman           ,         15 ,
IOT                     ,2023-10-30 , 102 ,      4016 ,Caroline Jones            ,         16 ,
IOT                     ,2023-10-30 , 102 ,      3992 ,Casey Sellers             ,         17 ,
IOT                     ,2023-10-30 , 102 ,      4920 ,Robert Nelson             ,         18 ,
IOT                     ,2023-10-30 , 102 ,      1762 ,Rickey Ford               ,         19 ,
IOT                     ,2023-10-30 , 102 ,      2982 ,Hannah Owens              ,         20 ,
IOT                     ,2023-10-30 , 102 ,      3917 ,Megan Mcgrath             ,         21 ,
IOT                     ,2023-10-30 , 102 ,      3113 ,Danielle Moses            ,         22 ,
IOT                     ,2023-10-30 , 102 ,       112 ,Robin Cowan               ,         23 ,
IOT                     ,2023-10-30 , 102 ,       137 ,David Martinez            ,         24 ,
IOT                     ,2023-10-30 , 102 ,      2819 ,Andres King               ,         25 ,
IOT                     ,2023-10-30 , 102 ,      1479 ,James Kennedy             ,         26 ,
IOT                     ,2023-10-30 , 102 ,      2837 ,Troy Harper               ,         27 ,
IOT                     ,2023-10-30 , 102 ,      4522 ,Brandi Sosa               ,         28 ,
IOT                     ,2023-10-30 , 102 ,      4361 ,Todd Ramirez              ,         29 ,
IOT                     ,2023-10-30 , 102 ,       881 ,Jennifer Wilson           ,         30 ,
IOT                     ,2023-10-30 , 102 ,      1976 ,Christopher Walters       ,         31 ,
IOT                     ,2023-10-30 , 102 ,      3921 ,Michael Thompson          ,         32 ,
IOT                     ,2023-10-30 , 102 ,      3694 ,Jean Williams             ,         33 ,
IOT                     ,2023-10-30 , 102 ,       934 ,Matthew Farmer            ,         34 ,
IOT                     ,2023-10-30 , 102 ,      4209 ,Tammy White               ,         35 ,
IOT                     ,2023-10-30 , 102 ,      2661 ,Brandi Lucas              ,         36 ,
IOT                     ,2023-10-30 , 102 ,      3572 ,Karen Smith               ,         37 ,
IOT                     ,2023-10-30 , 102 ,      2041 ,Jack Johnson              ,         38 ,
IOT                     ,2023-10-30 , 102 ,      2196 ,Jeffrey Wiggins           ,         39 ,
IOT                     ,2023-10-30 , 102 ,      1002 ,Dana Morris               ,         40 ,
IOT                     ,2023-10-30 , 102 ,      3757 ,Stephanie Ellis           ,         41 ,
IOT                     ,2023-10-30 , 102 ,       501 ,Jill Bean                 ,         42 ,
IOT                     ,2023-10-30 , 102 ,      2436 ,Amanda Williams           ,         43 ,
IOT                     ,2023-10-30 , 102 ,      2010 ,Mark Fischer              ,         44 ,
IOT                     ,2023-10-30 , 102 ,      3464 ,Kimberly Hansen           ,         45 ,
IOT                     ,2023-10-30 , 102 ,      2771 ,Amanda Bates              ,         46 ,
IOT                     ,2023-10-30 , 102 ,      4995 ,Ashley Kirk               ,         47 ,
IOT                     ,2023-10-30 , 102 ,      2877 ,Patrick Benjamin          ,         48 ,
IOT                     ,2023-10-30 , 102 ,       465 ,Teresa Gonzalez           ,         49 ,
IOT                     ,2023-10-30 , 102 ,       253 ,Lisa Stevenson            ,         50 ,
